pick_ref,order_ref,sequence_no,picked_at,article_no,bin_code,qty,travel_mode,picker_name
PICK-0001,ORD-0001,1,2026-03-02T08:05:00+01:00,SKU-1001,L-008,4,pedestrian,not-collected
PICK-0002,ORD-0001,2,2026-03-02T08:12:00+01:00,SKU-1002,L-004,6,pedestrian,not-collected
PICK-0003,ORD-0001,3,2026-03-02T08:19:00+01:00,SKU-1004,L-001,2,pedestrian,not-collected
PICK-0004,ORD-0002,1,2026-03-02T08:05:00+01:00,SKU-1001,L-008,3,pedestrian,not-collected
PICK-0005,ORD-0002,2,2026-03-02T08:12:00+01:00,SKU-1002,L-004,5,pedestrian,not-collected
PICK-0006,ORD-0002,3,2026-03-02T08:19:00+01:00,SKU-1003,L-007,1,pedestrian,not-collected
PICK-0007,ORD-0002,4,2026-03-02T08:26:00+01:00,SKU-1005,L-003,2,pedestrian,not-collected
PICK-0008,ORD-0003,1,2026-03-03T08:05:00+01:00,SKU-1001,L-008,6,pedestrian,not-collected
PICK-0009,ORD-0003,2,2026-03-03T08:12:00+01:00,SKU-1002,L-004,4,pedestrian,not-collected
PICK-0010,ORD-0003,3,2026-03-03T08:19:00+01:00,SKU-1007,L-009,1,pedestrian,not-collected
PICK-0011,ORD-0004,1,2026-03-03T08:05:00+01:00,SKU-1001,L-008,2,pedestrian,not-collected
PICK-0012,ORD-0004,2,2026-03-03T08:12:00+01:00,SKU-1003,L-007,3,pedestrian,not-collected
PICK-0013,ORD-0004,3,2026-03-03T08:19:00+01:00,SKU-1005,L-003,1,pedestrian,not-collected
PICK-0014,ORD-0004,4,2026-03-03T08:26:00+01:00,SKU-1004,L-001,5,pedestrian,not-collected
PICK-0015,ORD-0005,1,2026-03-04T08:05:00+01:00,SKU-1001,L-008,5,pedestrian,not-collected
PICK-0016,ORD-0005,2,2026-03-04T08:12:00+01:00,SKU-1002,L-004,7,pedestrian,not-collected
PICK-0017,ORD-0005,3,2026-03-04T08:19:00+01:00,SKU-1005,L-003,2,pedestrian,not-collected
PICK-0018,ORD-0005,4,2026-03-04T08:26:00+01:00,SKU-1007,L-009,1,pedestrian,not-collected
PICK-0019,ORD-0006,1,2026-03-04T08:05:00+01:00,SKU-1002,L-004,3,pedestrian,not-collected
PICK-0020,ORD-0006,2,2026-03-04T08:12:00+01:00,SKU-1003,L-007,2,pedestrian,not-collected
PICK-0021,ORD-0006,3,2026-03-04T08:19:00+01:00,SKU-1008,L-002,1,pedestrian,not-collected
PICK-0022,ORD-0007,1,2026-03-05T08:05:00+01:00,SKU-1001,L-008,8,pedestrian,not-collected
PICK-0023,ORD-0007,2,2026-03-05T08:12:00+01:00,SKU-1002,L-004,9,pedestrian,not-collected
PICK-0024,ORD-0007,3,2026-03-05T08:19:00+01:00,SKU-1004,L-001,3,pedestrian,not-collected
PICK-0025,ORD-0007,4,2026-03-05T08:26:00+01:00,SKU-1005,L-003,1,pedestrian,not-collected
PICK-0026,ORD-0008,1,2026-03-05T08:05:00+01:00,SKU-1001,L-008,4,pedestrian,not-collected
PICK-0027,ORD-0008,2,2026-03-05T08:12:00+01:00,SKU-1007,L-009,2,pedestrian,not-collected
PICK-0028,ORD-0008,3,2026-03-05T08:19:00+01:00,SKU-1003,L-007,1,pedestrian,not-collected
PICK-0029,ORD-0009,1,2026-03-06T08:05:00+01:00,SKU-1002,L-004,6,pedestrian,not-collected
PICK-0030,ORD-0009,2,2026-03-06T08:12:00+01:00,SKU-1007,L-009,1,pedestrian,not-collected
PICK-0031,ORD-0009,3,2026-03-06T08:19:00+01:00,SKU-1003,L-007,4,pedestrian,not-collected
PICK-0032,ORD-0009,4,2026-03-06T08:26:00+01:00,SKU-1005,L-003,3,pedestrian,not-collected
PICK-0033,ORD-0010,1,2026-03-06T08:05:00+01:00,SKU-1001,L-008,7,pedestrian,not-collected
PICK-0034,ORD-0010,2,2026-03-06T08:12:00+01:00,SKU-1002,L-004,8,pedestrian,not-collected
PICK-0035,ORD-0010,3,2026-03-06T08:19:00+01:00,SKU-1008,L-002,2,pedestrian,not-collected
PICK-0036,ORD-0010,4,2026-03-06T08:26:00+01:00,SKU-1004,L-001,1,pedestrian,not-collected
PICK-0037,ORD-0011,1,2026-03-07T08:05:00+01:00,SKU-1003,L-007,2,pedestrian,not-collected
PICK-0038,ORD-0011,2,2026-03-07T08:12:00+01:00,SKU-1005,L-003,1,pedestrian,not-collected
PICK-0039,ORD-0011,3,2026-03-07T08:19:00+01:00,SKU-1008,L-002,1,pedestrian,not-collected
PICK-0040,ORD-0011,4,2026-03-07T08:26:00+01:00,SKU-1007,L-009,2,pedestrian,not-collected
PICK-0041,ORD-0011,5,2026-03-07T08:33:00+01:00,SKU-1004,L-001,4,pedestrian,not-collected
PICK-0042,ORD-0012,1,2026-03-07T08:05:00+01:00,SKU-1001,L-008,5,pedestrian,not-collected
PICK-0043,ORD-0012,2,2026-03-07T08:12:00+01:00,SKU-1002,L-004,5,pedestrian,not-collected
PICK-0044,ORD-0012,3,2026-03-07T08:19:00+01:00,SKU-1004,L-001,2,pedestrian,not-collected
PICK-0045,ORD-0012,4,2026-03-07T08:26:00+01:00,SKU-1007,L-009,1,pedestrian,not-collected
PICK-0046,ORD-0013,1,2026-03-08T08:05:00+01:00,SKU-1001,L-008,3,pedestrian,not-collected
PICK-0047,ORD-0013,2,2026-03-08T08:12:00+01:00,SKU-1002,L-004,4,pedestrian,not-collected
PICK-0048,ORD-0013,3,2026-03-08T08:19:00+01:00,SKU-1003,L-007,2,pedestrian,not-collected
PICK-0049,ORD-0013,4,2026-03-08T08:26:00+01:00,SKU-1007,L-009,1,pedestrian,not-collected
PICK-0050,ORD-0013,5,2026-03-08T08:33:00+01:00,SKU-1005,L-003,2,pedestrian,not-collected
PICK-0051,ORD-0014,1,2026-03-08T08:05:00+01:00,SKU-1006,L-005,2,forklift,not-collected
PICK-0052,ORD-0014,2,2026-03-08T08:12:00+01:00,SKU-1003,L-007,1,forklift,not-collected
PICK-0053,ORD-0015,1,2026-03-09T08:05:00+01:00,SKU-1006,L-005,1,forklift,not-collected
PICK-0054,ORD-0015,2,2026-03-09T08:12:00+01:00,SKU-1002,L-004,3,forklift,not-collected
